title,company_name,city,region,zip,created,last_checked,last_updated,delete_date,onet_occupation_code,SOC_occupation_code,url,stock_exchange_country,stock_exchange_name,stock_ticker,ticker_end_date,ticker_start_date
Plant Operator 3,Ecolab Inc.,Aberdeen,Scotland,AB25,2014-12-10T12:36:33+00:00,2014-12-14T15:38:40+00:00,,2014-12-16T15:58:17+00:00,51-8013.00,8124,http://jobs.ecolab.com/job/Aberdeen-Plant-Operator-3-Job/236090100/,US,NYS,ECL,,1986-12-10
Service Specialist - Pest,Ecolab Inc.,London,England,SW1A,2017-07-05T00:46:00+00:00,2017-09-23T12:52:00+00:00,,2017-09-24T13:03:55+00:00,37-2021.00,6132,http://jobs.ecolab.com/job/7497398/service-specialist-pest-london-gb,US,NYS,ECL,,1986-12-10
Service Specialist - Romford,Ecolab Inc.,,,,2018-05-21T00:42:00+00:00,2018-06-11T07:35:00+00:00,,2018-06-12T09:56:00+00:00,99-9999.00,9999,http://jobs.ecolab.com/job/8332281/service-specialist-romford-essex-gb/,US,NYS,ECL,,1986-12-10
Service Specialist - Pest,Ecolab Inc.,Cambridge,England,,2017-11-02T19:51:00+00:00,2017-12-05T15:40:00+00:00,,2017-12-09T02:56:58+00:00,37-2021.00,6132,http://jobs.ecolab.com/job/7827995/service-specialist-pest-cambridge-gb/,US,NYS,ECL,,1986-12-10
Application Engineer I,Ecolab Inc.,Aberdeen,Scotland,AB25,2014-01-07T22:48:08+00:00,2014-04-06T19:03:00+00:00,,2014-04-08T19:27:57+00:00,15-1132.00,2136,http://jobs.ecolab.com/job/Aberdeen-Application-Engineer-I-Job/35487300/,US,NYS,ECL,,1986-12-10
Pest Elimination Service Specialist,Ecolab Inc.,London,England,SW1A,2017-12-14T15:26:50+00:00,2018-01-03T15:35:30+00:00,,2018-01-04T15:44:35+00:00,99-9999.00,9999,http://jobs.ecolab.com/job/7909158/pest-elimination-service-specialist-london-gb/,US,NYS,ECL,,1986-12-10
Territory Manager - Unassigned,Ecolab Inc.,Northampton,England,NN1,2017-12-23T12:45:00+00:00,2018-03-19T09:38:00+00:00,,2018-03-20T09:44:00+00:00,11-2022.00,1132,http://jobs.ecolab.com/job/7924703/territory-manager-unassigned-northampton-gb/,US,NYS,ECL,,1986-12-10
Account Manager,Ecolab Inc.,Aberdeen,Scotland,AB25,2019-07-26T07:16:00+00:00,2019-07-29T07:55:00+00:00,,2019-07-30T08:26:00+00:00,41-1012.00,6212,http://jobs.ecolab.com/job/9908999/account-manager-aberdeen-gb/,US,NYS,ECL,,1986-12-10
Pest Control Service Specialist - Aberdeen,Ecolab Inc.,Aberdeen,Scotland,AB25,2019-04-09T06:13:00+00:00,2019-05-08T03:43:00+00:00,,2019-05-09T03:47:00+00:00,37-2021.00,6132,http://jobs.ecolab.com/job/9431762/pest-control-service-specialist-aberdeen-aberdeen-gb/,US,NYS,ECL,,1986-12-10
Demand Planner,Ecolab Inc.,Marston,England,CW9,2019-02-07T11:32:00+00:00,2019-05-19T17:31:00+00:00,2019-03-22T02:34:00+00:00,2019-05-20T20:48:00+00:00,13-1081.00,2462,http://jobs.ecolab.com/job/9206113/demand-planner-northwich-gb/,US,NYS,ECL,,1986-12-10
